{
  "Update Controller" : {
    "transaction" : "Update Controller",
    "sampleCount" : 10000,
    "errorCount" : 9699,
    "errorPct" : 96.99,
    "meanResTime" : 99529.33009999993,
    "medianResTime" : 12180.0,
    "minResTime" : 3.0,
    "maxResTime" : 681048.0,
    "pct1ResTime" : 340698.5,
    "pct2ResTime" : 470884.8999999973,
    "pct3ResTime" : 617592.0099999999,
    "throughput" : 7.978394507673221,
    "receivedKBytesPerSec" : 47.50715686919821,
    "sentKBytesPerSec" : 2.065930460313471
  },
  "Create User Request" : {
    "transaction" : "Create User Request",
    "sampleCount" : 1,
    "errorCount" : 0,
    "errorPct" : 0.0,
    "meanResTime" : 25.0,
    "medianResTime" : 25.0,
    "minResTime" : 25.0,
    "maxResTime" : 25.0,
    "pct1ResTime" : 25.0,
    "pct2ResTime" : 25.0,
    "pct3ResTime" : 25.0,
    "throughput" : 40.0,
    "receivedKBytesPerSec" : 16.640625,
    "sentKBytesPerSec" : 10.703125
  },
  "Create Playlist HTTP Request" : {
    "transaction" : "Create Playlist HTTP Request",
    "sampleCount" : 10000,
    "errorCount" : 5428,
    "errorPct" : 54.28,
    "meanResTime" : 30051.876799999904,
    "medianResTime" : 4067.0,
    "minResTime" : 1.0,
    "maxResTime" : 385920.0,
    "pct1ResTime" : 90791.5,
    "pct2ResTime" : 102943.4,
    "pct3ResTime" : 171300.79,
    "throughput" : 12.724378509542648,
    "receivedKBytesPerSec" : 24.798297724690254,
    "sentKBytesPerSec" : 2.475681923302536
  },
  "Update Artist HTTP Request" : {
    "transaction" : "Update Artist HTTP Request",
    "sampleCount" : 10000,
    "errorCount" : 9274,
    "errorPct" : 92.74,
    "meanResTime" : 33233.09360000003,
    "medianResTime" : 4060.0,
    "minResTime" : 0.0,
    "maxResTime" : 388487.0,
    "pct1ResTime" : 115029.99999999997,
    "pct2ResTime" : 162951.55,
    "pct3ResTime" : 353978.04999999993,
    "throughput" : 8.016629696642715,
    "receivedKBytesPerSec" : 15.42947878579325,
    "sentKBytesPerSec" : 0.7353183130586088
  },
  "Create Genre HTTP Request" : {
    "transaction" : "Create Genre HTTP Request",
    "sampleCount" : 10000,
    "errorCount" : 6615,
    "errorPct" : 66.15,
    "meanResTime" : 28856.1462,
    "medianResTime" : 4064.0,
    "minResTime" : 0.0,
    "maxResTime" : 385160.0,
    "pct1ResTime" : 91454.9,
    "pct2ResTime" : 111438.49999999993,
    "pct3ResTime" : 225673.68999999994,
    "throughput" : 10.594915076458204,
    "receivedKBytesPerSec" : 23.272743897262696,
    "sentKBytesPerSec" : 1.2927317343001898
  },
  "Read Genre By ID HTTP Request" : {
    "transaction" : "Read Genre By ID HTTP Request",
    "sampleCount" : 10000,
    "errorCount" : 7704,
    "errorPct" : 77.04,
    "meanResTime" : 37356.48950000001,
    "medianResTime" : 4060.0,
    "minResTime" : 0.0,
    "maxResTime" : 390995.0,
    "pct1ResTime" : 133873.0,
    "pct2ResTime" : 235375.94999999946,
    "pct3ResTime" : 375904.93999999994,
    "throughput" : 7.971265183267358,
    "receivedKBytesPerSec" : 520.5901142561295,
    "sentKBytesPerSec" : 0.4012403276170062
  },
  "Read Playlist HTTP Request" : {
    "transaction" : "Read Playlist HTTP Request",
    "sampleCount" : 10000,
    "errorCount" : 7387,
    "errorPct" : 73.87,
    "meanResTime" : 34383.844099999944,
    "medianResTime" : 4061.0,
    "minResTime" : 1.0,
    "maxResTime" : 390253.0,
    "pct1ResTime" : 108473.89999999998,
    "pct2ResTime" : 225481.69999999925,
    "pct3ResTime" : 356939.51,
    "throughput" : 8.665909266196802,
    "receivedKBytesPerSec" : 1622.096411781423,
    "sentKBytesPerSec" : 0.5109120520158206
  },
  "Create Artists HTTP Request" : {
    "transaction" : "Create Artists HTTP Request",
    "sampleCount" : 10000,
    "errorCount" : 7396,
    "errorPct" : 73.96,
    "meanResTime" : 31238.22010000011,
    "medianResTime" : 4062.0,
    "minResTime" : 0.0,
    "maxResTime" : 385575.0,
    "pct1ResTime" : 99861.09999999999,
    "pct2ResTime" : 175218.74999999994,
    "pct3ResTime" : 317001.45999999996,
    "throughput" : 9.372870600960344,
    "receivedKBytesPerSec" : 22.16316945581816,
    "sentKBytesPerSec" : 0.8789061584680604
  },
  "Delete Artist HTTP Request" : {
    "transaction" : "Delete Artist HTTP Request",
    "sampleCount" : 10000,
    "errorCount" : 9212,
    "errorPct" : 92.12,
    "meanResTime" : 32408.840999999982,
    "medianResTime" : 4060.0,
    "minResTime" : 0.0,
    "maxResTime" : 388827.0,
    "pct1ResTime" : 111274.9,
    "pct2ResTime" : 151978.59999999992,
    "pct3ResTime" : 347036.8899999999,
    "throughput" : 8.043143421311918,
    "receivedKBytesPerSec" : 15.018660092737443,
    "sentKBytesPerSec" : 0.6521991776388548
  },
  "Login Controller" : {
    "transaction" : "Login Controller",
    "sampleCount" : 10000,
    "errorCount" : 3251,
    "errorPct" : 32.51,
    "meanResTime" : 35062.702100000104,
    "medianResTime" : 24239.5,
    "minResTime" : 34.0,
    "maxResTime" : 147962.0,
    "pct1ResTime" : 92083.29999999999,
    "pct2ResTime" : 102722.65,
    "pct3ResTime" : 108382.97,
    "throughput" : 22.329552940020587,
    "receivedKBytesPerSec" : 26.6506398044936,
    "sentKBytesPerSec" : 3.870572869565266
  },
  "Delete Track HTTP Request" : {
    "transaction" : "Delete Track HTTP Request",
    "sampleCount" : 10000,
    "errorCount" : 10000,
    "errorPct" : 100.0,
    "meanResTime" : 0.0,
    "medianResTime" : 0.0,
    "minResTime" : 0.0,
    "maxResTime" : 0.0,
    "pct1ResTime" : 0.0,
    "pct2ResTime" : 0.0,
    "pct3ResTime" : 0.0,
    "throughput" : 8.043214583313226,
    "receivedKBytesPerSec" : 9.402077984595635,
    "sentKBytesPerSec" : 0.0
  },
  "Read Genre HTTP Request" : {
    "transaction" : "Read Genre HTTP Request",
    "sampleCount" : 10000,
    "errorCount" : 7693,
    "errorPct" : 76.93,
    "meanResTime" : 34541.02169999999,
    "medianResTime" : 4060.0,
    "minResTime" : 1.0,
    "maxResTime" : 390922.0,
    "pct1ResTime" : 123501.3,
    "pct2ResTime" : 226986.84999999934,
    "pct3ResTime" : 366191.97999999986,
    "throughput" : 8.259472996066012,
    "receivedKBytesPerSec" : 754.0343960461696,
    "sentKBytesPerSec" : 0.4228616263129465
  },
  "Create User Controller" : {
    "transaction" : "Create User Controller",
    "sampleCount" : 1,
    "errorCount" : 0,
    "errorPct" : 0.0,
    "meanResTime" : 25.0,
    "medianResTime" : 25.0,
    "minResTime" : 25.0,
    "maxResTime" : 25.0,
    "pct1ResTime" : 25.0,
    "pct2ResTime" : 25.0,
    "pct3ResTime" : 25.0,
    "throughput" : 40.0,
    "receivedKBytesPerSec" : 16.640625,
    "sentKBytesPerSec" : 10.703125
  },
  "Read Artist HTTP Request" : {
    "transaction" : "Read Artist HTTP Request",
    "sampleCount" : 10000,
    "errorCount" : 7813,
    "errorPct" : 78.13,
    "meanResTime" : 35473.978399999905,
    "medianResTime" : 4060.0,
    "minResTime" : 0.0,
    "maxResTime" : 399222.0,
    "pct1ResTime" : 132200.8,
    "pct2ResTime" : 240195.6999999998,
    "pct3ResTime" : 370305.1399999999,
    "throughput" : 8.047480132783422,
    "receivedKBytesPerSec" : 281.9906039382356,
    "sentKBytesPerSec" : 0.3888905479831003
  },
  "Read Controller" : {
    "transaction" : "Read Controller",
    "sampleCount" : 10000,
    "errorCount" : 8914,
    "errorPct" : 89.14,
    "meanResTime" : 104398.84420000014,
    "medianResTime" : 12190.0,
    "minResTime" : 4.0,
    "maxResTime" : 684627.0,
    "pct1ResTime" : 323406.1,
    "pct2ResTime" : 393724.0999999999,
    "pct3ResTime" : 650890.2799999999,
    "throughput" : 8.038843692723239,
    "receivedKBytesPerSec" : 2520.301843036804,
    "sentKBytesPerSec" : 1.2739816606341843
  },
  "Delete Album HTTP Request" : {
    "transaction" : "Delete Album HTTP Request",
    "sampleCount" : 10000,
    "errorCount" : 10000,
    "errorPct" : 100.0,
    "meanResTime" : 1.9999999999999968E-4,
    "medianResTime" : 0.0,
    "minResTime" : 0.0,
    "maxResTime" : 1.0,
    "pct1ResTime" : 0.0,
    "pct2ResTime" : 0.0,
    "pct3ResTime" : 0.0,
    "throughput" : 8.043201644673873,